{"v":"5.5.7","meta":{"g":"LottieFiles AE 0.1.21","a":"","k":"","d":"","tc":""},"fr":30,"ip":0,"op":60,"w":1920,"h":1920,"nm":"1.1_solid_1 + dot 4","ddd":0,"assets":[],"layers":[{"ddd":0,"ind":1,"ty":4,"nm":"2","sr":1,"ks":{"o":{"a":0,"k":100,"ix":11},"r":{"a":0,"k":0,"ix":10},"p":{"a":0,"k":[960,960,0],"ix":2},"a":{"a":0,"k":[-24,0,0],"ix":1},"s":{"a":0,"k":[100,100,100],"ix":6}},"ao":0,"shapes":[{"ty":"gr","it":[{"d":1,"ty":"el","s":{"a":0,"k":[1368,1368],"ix":2},"p":{"a":0,"k":[0,0],"ix":3},"nm":"Ellipse Path 1","mn":"ADBE Vector Shape - Ellipse","hd":false,"_render":true},{"ty":"st","c":{"a":0,"k":[0,0.3098,0.9765,1],"ix":3},"o":{"a":0,"k":100,"ix":4},"w":{"a":0,"k":300,"ix":5},"lc":2,"lj":1,"ml":4,"bm":0,"nm":"Stroke 1","mn":"ADBE Vector Graphic - Stroke","hd":false,"_render":true},{"ty":"tr","p":{"a":0,"k":[-24,0],"ix":2},"a":{"a":0,"k":[0,0],"ix":1},"s":{"a":0,"k":[100,100],"ix":3},"r":{"a":0,"k":0,"ix":6},"o":{"a":0,"k":100,"ix":7},"sk":{"a":0,"k":0,"ix":4},"sa":{"a":0,"k":0,"ix":5},"nm":"Transform","_render":true}],"nm":"Ellipse 1","np":3,"cix":2,"bm":0,"ix":1,"mn":"ADBE Vector Group","hd":false,"_render":true},{"ty":"tm","s":{"a":1,"k":[{"i":{"x":[0.35],"y":[1]},"o":{"x":[0.51],"y":[0]},"t":0,"s":[0.1]},{"t":35.2568359375,"s":[100]}],"ix":1},"e":{"a":1,"k":[{"i":{"x":[0.804],"y":[1]},"o":{"x":[1],"y":[0]},"t":0,"s":[0]},{"t":35.2568359375,"s":[99.9]}],"ix":2},"o":{"a":1,"k":[{"i":{"x":[0.833],"y":[1]},"o":{"x":[0.167],"y":[0]},"t":0,"s":[0]},{"t":59,"s":[0]}],"ix":3},"m":1,"ix":2,"nm":"Trim Paths 1","mn":"ADBE Vector Filter - Trim","hd":false,"_render":true}],"ip":0,"op":60,"st":0,"bm":0,"completed":true},{"ddd":0,"ind":2,"ty":4,"nm":"1","sr":1,"ks":{"o":{"a":0,"k":100,"ix":11},"r":{"a":0,"k":0,"ix":10},"p":{"a":0,"k":[960,960,0],"ix":2},"a":{"a":0,"k":[-24,0,0],"ix":1},"s":{"a":0,"k":[100,100,100],"ix":6}},"ao":0,"shapes":[{"ty":"gr","it":[{"d":1,"ty":"el","s":{"a":0,"k":[1368,1368],"ix":2},"p":{"a":0,"k":[0,0],"ix":3},"nm":"Ellipse Path 1","mn":"ADBE Vector Shape - Ellipse","hd":false,"_render":true},{"ty":"st","c":{"a":0,"k":[0.0384,0.3181,0.9216,1],"ix":3},"o":{"a":0,"k":100,"ix":4},"w":{"a":0,"k":300,"ix":5},"lc":2,"lj":1,"ml":4,"bm":0,"nm":"Stroke 1","mn":"ADBE Vector Graphic - Stroke","hd":false,"_render":true},{"ty":"tr","p":{"a":0,"k":[-24,0],"ix":2},"a":{"a":0,"k":[0,0],"ix":1},"s":{"a":0,"k":[100,100],"ix":3},"r":{"a":0,"k":0,"ix":6},"o":{"a":0,"k":100,"ix":7},"sk":{"a":0,"k":0,"ix":4},"sa":{"a":0,"k":0,"ix":5},"nm":"Transform","_render":true}],"nm":"Ellipse 1","np":3,"cix":2,"bm":0,"ix":1,"mn":"ADBE Vector Group","hd":false,"_render":true},{"ty":"tm","s":{"a":1,"k":[{"i":{"x":[0.205],"y":[1]},"o":{"x":[0.861],"y":[0]},"t":0,"s":[0.1]},{"t":59,"s":[100]}],"ix":1},"e":{"a":1,"k":[{"i":{"x":[0.688],"y":[1]},"o":{"x":[0.853],"y":[0]},"t":0,"s":[0]},{"t":59,"s":[99.9]}],"ix":2},"o":{"a":1,"k":[{"i":{"x":[0.22],"y":[1]},"o":{"x":[0.78],"y":[0]},"t":0,"s":[0]},{"t":59,"s":[0]}],"ix":3},"m":1,"ix":2,"nm":"Trim Paths 1","mn":"ADBE Vector Filter - Trim","hd":false,"_render":true}],"ip":0,"op":60,"st":0,"bm":0,"completed":true}],"markers":[],"__complete":true}