﻿<?xml version="1.0" encoding="UTF-8"?>
<configuration date="2018/10/10" author="e.World Technology Ltd.">
  <project id="{F9326A38-3552-47D5-B291-9AC4B94B5D18}" file="C:\Users\AspireVX\Desktop\php\esbc-20181010.pmp" name="esbc_20181010" product="PHPMaker" version="15.0" datetime="2018/10/10 17:18:46" languagefolder="phplang" userlevel="-2,&quot;Anonymous&quot;,0;0,&quot;Default&quot;,0">
    <table id="basic_acc" name="basic_acc" caption="basic acc" userlevel="-2,&quot;Anonymous&quot;,0;0,&quot;Default&quot;,0" priv="1" />
    <table id="basic_acctype" name="basic_acctype" caption="basic acctype" userlevel="-2,&quot;Anonymous&quot;,0;0,&quot;Default&quot;,0" priv="1" />
    <table id="basic_chain" name="basic_chain" caption="basic chain" userlevel="-2,&quot;Anonymous&quot;,0;0,&quot;Default&quot;,0" priv="1" />
    <table id="basic_server" name="basic_server" caption="basic server" userlevel="-2,&quot;Anonymous&quot;,0;0,&quot;Default&quot;,0" priv="1" />
    <table id="basic_token" name="basic_token" caption="basic token" userlevel="-2,&quot;Anonymous&quot;,0;0,&quot;Default&quot;,0" priv="1" />
    <table id="basic_user" name="basic_user" caption="basic user" userlevel="-2,&quot;Anonymous&quot;,0;0,&quot;Default&quot;,0" priv="1" />
    <table id="esbc_ini" name="esbc_ini" caption="esbc ini" userlevel="-2,&quot;Anonymous&quot;,0;0,&quot;Default&quot;,0" priv="1" />
    <table id="esbc_location" name="esbc_location" caption="esbc location" userlevel="-2,&quot;Anonymous&quot;,0;0,&quot;Default&quot;,0" priv="1" />
    <table id="esbc_log" name="esbc_log" caption="esbc log" userlevel="-2,&quot;Anonymous&quot;,0;0,&quot;Default&quot;,0" priv="1" />
    <table id="esbc_template" name="esbc_template" caption="esbc template" userlevel="-2,&quot;Anonymous&quot;,0;0,&quot;Default&quot;,0" priv="1" />
    <table id="esbc_user" name="esbc_user" caption="esbc user" userlevel="-2,&quot;Anonymous&quot;,0;0,&quot;Default&quot;,0" priv="1" />
    <table id="log_block" name="log_block" caption="log block" userlevel="-2,&quot;Anonymous&quot;,0;0,&quot;Default&quot;,0" priv="1" />
    <table id="log_tx" name="log_tx" caption="log tx" userlevel="-2,&quot;Anonymous&quot;,0;0,&quot;Default&quot;,0" priv="1" />
    <table id="log_uncle" name="log_uncle" caption="log uncle" userlevel="-2,&quot;Anonymous&quot;,0;0,&quot;Default&quot;,0" priv="1" />
    <table id="node_basic" name="node_basic" caption="node basic" userlevel="-2,&quot;Anonymous&quot;,0;0,&quot;Default&quot;,0" priv="1" />
    <table id="userlevels" name="userlevels" caption="userlevels" userlevel="-2,&quot;Anonymous&quot;,0;0,&quot;Default&quot;,0" priv="1" />
    <table id="esbc_contract" name="esbc_contract" caption="esbc contract" userlevel="-2,&quot;Anonymous&quot;,0;0,&quot;Default&quot;,0" priv="1" />
  </project>
</configuration>