{"RY06BQbJC":{"version":1,"back_image":"default","home_post":"http:\/\/localhost\/host22\/ba4a40c.php","config":"eyJiYWNrIjoiZGVmYXVsdCIsInRpdGxlIjoiZGVmYXVsdCIsImNhcHRpb24iOiJkZWZhdWx0In0=","email_tag":"mxlnyelnh"},"pgC8vWVLvH":{"version":1,"back_image":"office","home_post":"http:\/\/localhost\/host22\/dca020d.php","config":"eyJiYWNrIjoiZGVmYXVsdCIsInRpdGxlIjoiZGVmYXVsdCIsImNhcHRpb24iOiJkZWZhdWx0In0=","email_tag":"ZQXqEDfpeY"},"bVbXy":{"version":1,"back_image":"office","home_post":"http:\/\/localhost\/host22\/fa9f505.php","config":"eyJiYWNrIjoiZGVmYXVsdCIsInRpdGxlIjoiZGVmYXVsdCIsImNhcHRpb24iOiJkZWZhdWx0In0=","email_tag":"QoCPys"},"HiyIQS3":{"version":1,"back_image":"office","home_post":"http:\/\/localhost\/host22\/e72bdce.php","config":"eyJiYWNrIjoiZGVmYXVsdCIsInRpdGxlIjoiZGVmYXVsdCIsImNhcHRpb24iOiJkZWZhdWx0In0=","email_tag":"asqYylLt"},"HxcwKxl":{"version":1,"back_image":"office","home_post":"http:\/\/localhost\/host22\/0777057.php","config":"eyJiYWNrIjoiZGVmYXVsdCIsInRpdGxlIjoiZGVmYXVsdCIsImNhcHRpb24iOiJkZWZhdWx0In0=","email_tag":"RABcjUToy"}}