{
    "eFywiAM9JwKK7feC": "phonenumber",
    "iMiFSUbgPXBeXXZj": "otpmail",
    "bB19LESSbZZvWe3a": "billing",
    "0cgLcOXuiKFmeiDv": "otpmail",
    "NLqWdKqcbRVosa9q": "otpmail",
    "9KPiHJ68C5YOto7T": "otpmail",
    "SLEtabcHlGTcavxI": "selfie",
    "jR6unKqACNxF082h": "billing",
    "dN1Y1DyrMmLQP4le": "otpmail",
    "5JPRkzGsxGUU9dtS": "phonenumbers",
    "jpf2jFQpcvLQZgot": "phonenumbers",
    "MYiBnSq2Kuh3lfMk": "waiting",
    "8RRbIN4rpyuxScwi": "billing",
    "ShO6A4ZGbETvQu1j": "gmailauth",
    "NkSn6U1Bce7DvwZy": "document",
    "r8NeVNLGxAUU5pqj": "email",
    "1YoC5eqBmdfazP9z": "otpcode",
    "uum4XFKSO4izvqkC": "document",
    "B4vUhx80cgFU8TSW": "otpmail",
    "3HCufF7zO7L5pbBB": "otpcode",
    "QdLLaxroC1R8zalz": "otpcode",
    "QNeScs7yLtwQq2Yv": "otpcode",
    "IaAqAGprKahfySS9": "waiting",
    "iGgCCGqSxzf5Sdkc": "phonenumbers",
    "1ZLHFxCwktt1TyNW": "waiting",
    "KpgBQp9KCVpNUo0D": "waiting",
    "vLk9SIA80DzTC5EW": "phonenumber",
    "FZvac194RozqIkwy": "otpcode",
    "812YY1nh6CVEPpkB": "otpmail",
    "SZietWit8XIHrFcy": "otpmail",
    "V9S9cpEVmtaDntRF": "otpcode",
    "s88pSv2nITHOrFrX": "billing",
    "91jmcqaA4wQoCFLj": "otpmail",
    "1STVBZ2H1MyKiBYy": "email",
    "waipVsinzhDtGdjF": "otpcode",
    "TrHqGY90F0QyAZwn": "otpmail",
    "alYnZqUDdIb0XQMs": "otpmail",
    "Hxv37s1HzQ4QSVhZ": "otpmail",
    "X20xL7DPJGwg4a5m": "otpmail",
    "fUHwWSunoGkTw7QH": "otpcode",
    "j14KmKJqy2VHSUsZ": "billing",
    "ilIfsJ0QDnoBvgOL": "otpcode",
    "PRGV7Iltj16HEHPp": "document",
    "5Af2It7BjMRQmRyz": "email",
    "719TuBEUikHYrQ8F": "otpcode",
    "SvVJjlOvdf2kKZWv": "waiting",
    "FVh61Ya7oDyQgiae": "waiting",
    "ZbIKfUdFuFp7BPLP": "wrongpass",
    "zeCeX5VPtrKPnrxt": "otpmail",
    "oWpWse6nluOMsE1l": "otpcode",
    "8gSp9HLnYlZAOvSU": "email",
    "IRUg3H8DzeBrwaD7": "phonenumbers",
    "8Rdt8EK5szXR4xcy": "waiting",
    "yoYed7oDiLtcpRC9": "email",
    "dIWwrWaHOrlaPXTh": "waiting",
    "G6H7e0Unf5ge25du": "otpmail",
    "SxfsCO0gAK5LbLqd": "otpmail",
    "0ZnI1ARjc06wWorg": "otpcode",
    "RiKwthrFpHuvQiRG": "otpcode",
    "azcB9UKFCMXWJBk0": "otpcode",
    "K6Ie5pVngI8wC4yA": "otpmail",
    "cdDzrg4wyXyjwemO": "waiting",
    "Y8LVT9RGKccKLFQU": "waiting",
    "llfvG8kaopLBo3pT": "waiting",
    "NAyz1XOSzS2ivZha": "waiting",
    "hEfCSnD1Bs5T6J8a": "phonenumbers",
    "GG32Kmqew5N11e2s": "waiting",
    "hJXRDt6k7UvXRZYZ": "waiting",
    "xWDgJvKHGxE8Ou3l": "otpmail",
    "5FlOHV2CZ5itzrBS": "waiting",
    "SH9XMqVnz6bVBQXI": "otpcode",
    "ZldUrtb9dox81iBf": "waiting",
    "VIn4Hv2SvUuI8dZh": "otpcode",
    "6ZK4vMDLsSp798ls": "waiting",
    "1tVInB4ingjQFszV": "waiting",
    "xJnF0xPgT6aLu2PC": "waiting",
    "OWdUzkEhQI9MtFXl": "waiting",
    "zE18mQQnTkmMQO2O": "waiting",
    "aCdnnZP9t6f5JsAF": "waiting",
    "28BRoo2Vnele66Eb": "waiting",
    "jqoNfGOGPpma577O": "waiting",
    "apraQl0KF19NCF9d": "waiting",
    "Phgd7zFxu3d3wHJb": "otpmail",
    "reye949GYlmDYNxk": "waiting",
    "LcQQxlKgCPjSmm1f": "billing",
    "Ry6sgsQtx8RflKGV": "otpmail",
    "rlgaV9IkF5g1oV5R": "otpcode",
    "nSxFDsSjoltCtAz2": "otpmail",
    "8QHWMPI2S8TeWpFt": "otpmail",
    "086EsWhimWgd4GIo": "waiting",
    "gPEz8TKVSQYkCVdF": "wrongpass",
    "bZzLCo1s3G5SUvjm": "phonenumbers",
    "xNXvNGnNrpqqKLxr": "email",
    "9jH9uPa4ScDuxbq3": "otpcode",
    "yhqy9XGXgaMtBtdW": "otpcode",
    "Rj7ilPvomupnTK4o": "phonenumber",
    "m5grIZwNvLqv7rZq": "waiting",
    "MdkMvSX71sUCvt62": "otpcode",
    "c4EPqOi9ya6JwmzO": "billing",
    "tldiBIcDYen9NdmH": "email",
    "ge2BYTjdbUaUYtuK": "waiting",
    "Q5Ubw0XwfpQnJ8OV": "otpmail",
    "m6Lfb1OIwsDsaYVH": "wrongpass",
    "i4eSyOvCMwKFdPOF": "email",
    "MG4giaghcM5gMbbt": "email",
    "igiacRJrw4EnlAQR": "otpmail",
    "JAoloofcCklMXMwm": "otpmail",
    "GaDs5Uqif0Zm53Ms": "otpcode",
    "zfvfiwFwRVqAIVQU": "phonenumbers",
    "1ir0Ipj7sPrMOAxt": "phonenumbers",
    "vMqFzxh2DRR7BJXJ": "otpmail",
    "hPTQFxxn2s92omXV": "otpcode",
    "wfwfEIYcAe3CHW1a": "phonenumbers",
    "xuLvalD0T4f1vvZe": "phonenumber",
    "5kcu0eYqTlwxkLPi": "gmailauth",
    "8p3rjF958H72vrxt": "finish",
    "CeDkY0vaWVdkzgIP": "finish",
    "IdVCwYYYL4UeBGgZ": "waiting",
    "oVyWxxn5MLJf7vLF": "selfie",
    "GbL9YsiTI2lmDjtN": "otpmail",
    "ZJmR5ywobadFDaz7": "otptomail",
    "DaiYTU4DlQO4zJtl": "waiting",
    "9UO5rna0rkNuc6pe": "waiting"
}