{
    "1": {
        "value": "1",
        "label": "תואר ראשון",
        "childs": {
            "1800": {
                "value": "1800",
                "label": "תוכניות למצטיינים",
                "childs": {
                    "Fik019rTeL": {
                        "value": "21821",
                        "label": "התוכנית הבין-תחומית למצטיינים"
                    },
                    "iySG8oGAVl": {
                        "value": "21822",
                        "label": "התוכנית החד-תחומית למצטיינים"
                    },
                    "fuHBPdhcR7": {
                        "value": "46935",
                        "label": "כימיה למצטיינים"
                    },
                    "oilb8Di9fl": {
                        "value": "20455",
                        "label": "לימודי ביולוגיה מסלול הצטיינות מחקרי"
                    },
                    "7KBNfQQ7FG": {
                        "value": "46816",
                        "label": "כלכלה מסלול מצטיינים לתואר ראשון ושני"
                    },
                    "KW6rpXtpUu": {
                        "value": "46935",
                        "label": "לימודי כדור הארץ – מסלול מחקרי למצטיינים"
                    }
                }
            },
            "100": {
                "value": "100",
                "label": "רפואה ומקצועות הבריאות",
                "childs": {
                    "4": {
                        "value": "20111",
                        "label": "ד\"ר לרפואה"
                    },
                    "5": {
                        "value": "20104",
                        "label": "מדעי החיים ומדעי הרפואה"
                    },
                    "6": {
                        "value": "20161",
                        "label": "הפרעות בתקשורת"
                    },
                    "7": {
                        "value": "20163",
                        "label": "מדעי האחיוּת (סיעוד)"
                    },
                    "8": {
                        "value": "20164",
                        "label": "פיזיותרפיה"
                    },
                    "9": {
                        "value": "20165",
                        "label": "ריפוי בעיסוק"
                    },
                    "10": {
                        "value": "20191",
                        "label": "רפואת שיניים"
                    },
                    "11": {
                        "value": "47327",
                        "label": "הסבת אקדמאים למדעי האחיוּת (סיעוד)"
                    }
                }
            },
            "300": {
                "value": "300",
                "label": "מדעים מדויקים",
                "childs": {
                    "12": {
                        "value": "20321",
                        "label": "פיזיקה"
                    },
                    "13": {
                        "value": "20341",
                        "label": "גיאופיזיקה"
                    },
                    "14": {
                        "value": "20351",
                        "label": "כימיה"
                    },
                    "15": {
                        "value": "46935",
                        "label": "כימיה למצטיינים"
                    },
                    "16": {
                        "value": "47140",
                        "label": "תואר כפול בכימיה ובמדע והנדסה של חומרים"
                    },
                    "17": {
                        "value": "20366",
                        "label": "מתמטיקה"
                    },
                    "18": {
                        "value": "46887",
                        "label": "מתמטיקה שימושית וסטטיסטיקה להיי-טק"
                    },
                    "19": {
                        "value": "20365",
                        "label": "סטטיסטיקה וחקר ביצועים"
                    },
                    "20": {
                        "value": "20368",
                        "label": "מדעי המחשב"
                    },
                    "QmB7VRzkAZ": {
                        "value": "47226",
                        "label": "הנדסת מחשבים"
                    },
                    "21": {
                        "value": "47336",
                        "label": "מחשוב קוונטים"
                    },
                    "22": {
                        "value": "47693",
                        "label": "מדעי הנתונים"
                    },
                    "3JBkhvsL0Q": {
                        "value": "67720",
                        "label": "ביולוגיה עם חטיבה בבינה מלאכותית ובמדעי הנתונים"
                    },
                    "35q8fS7Iw0": {
                        "value": "21514",
                        "label": "ביולוגיה ופסיכולוגיה עם הדגש במדעי המוח בחטיבה בבינה מלאכותית"
                    },
                    "kJBgAHZYJZ": {
                        "value": "46595",
                        "label": "ביולוגיה ומדעי המחשב עם התמחות בביואינפורמטיקה"
                    },
                    "w0VKxFTzim": {
                        "value": "21513",
                        "label": "פסיכולוגיה ומדעי המחשב בדגש על מדעי המוח"
                    },
                    "m0nTqU7XGr": {
                        "value": "677780",
                        "label": "ביולוגיה ופסיכולוגיה עם הדגש במדעי המוח"
                    },
                    "iMkSRh1v21": {
                        "value": "21554",
                        "label": "הנדסה ביו רפואית וביולוגיה בדגש מדעי המוח   - תואר כפול"
                    },
                    "2SK3zNDFs8": {
                        "value": "47112",
                        "label": "פיזיקה עם חטיבה במדעי המוח"
                    },
                    "BtPOzEtdGu": {
                        "value": "46935",
                        "label": "לימודי כדור הארץ - מסלול מחקרי למצטיינים"
                    }
                }
            },
            "0": {
                "value": "0",
                "label": "חטיבה במדעי הנתונים ו-AI",
                "childs": {
                    "23": {
                        "value": "67780",
                        "label": "פסיכולוגיה עם חטיבה בבינה מלאכותית ובמדעי הנתונים"
                    },
                    "24": {
                        "value": "67781",
                        "label": "כלכלה עם חטיבה בבינה מלאכותית ובמדעי הנתונים"
                    },
                    "25": {
                        "value": "67786",
                        "label": "תוכנית לימודים חד-חוגית במשפטים עם חטיבה בבינה מלאכותית"
                    },
                    "26": {
                        "value": "67777",
                        "label": "ביולוגיה עם חטיבה בבינה מלאכותית ובמדעי הנתונים"
                    },
                    "27": {
                        "value": "67778",
                        "label": "ביולוגיה ופסיכולוגיה עם הדגש במדעי המוח וחטיבה בבינה מלאכותית"
                    },
                    "CFNW5HhiF0": {
                        "value": "11011",
                        "label": "כלכלה ולימודי עבודה עם חטיבה בבינה מלאכותית ובמדעי הנתונים"
                    },
                    "YiIX10xf75": {
                        "value": "21031",
                        "label": "מדע המדינה עם חטיבה בבינה מלאכותית ובמדעי הנתונים"
                    }
                }
            },
            "400": {
                "value": "400",
                "label": "מדעי החיים",
                "childs": {
                    "29": {
                        "value": "20455",
                        "label": "ביולוגיה"
                    },
                    "30": {
                        "value": "20104",
                        "label": "מדעי החיים ומדעי הרפואה"
                    },
                    "31": {
                        "value": "46595",
                        "label": "ביולוגיה ומדעי המחשב עם התמחות בביואינפורמטיקה"
                    },
                    "hQikvIcxNa": {
                        "value": "21514",
                        "label": "ביולוגיה ופסיכולוגיה במסגרת ביה״ס למדעי המוח"
                    },
                    "32": {
                        "value": "20455",
                        "label": "ביולוגיה - תוכנית מצטיינים"
                    },
                    "33": {
                        "value": "20440",
                        "label": "ביולוגיה וביוטכנולוגיה"
                    },
                    "E2wXv1tB1v": {
                        "value": "21564",
                        "label": "ביולוגיה ובלשנות בדגש מדעי המוח"
                    },
                    "oQqJKqNk1Q": {
                        "value": "67777",
                        "label": "ביולוגיה עם חטיבה בבינה מלאכותית ובמדעי הנתונים"
                    },
                    "VFF5M5maYJ": {
                        "value": "21554",
                        "label": "תואר ראשון כפול בהנדסה ביו-רפואית ובביולוגיה במסגרת ביה״ס למדעי המוח"
                    },
                    "HQRqYHVQ9r": {
                        "value": "47240",
                        "label": "אקולוגיה ואבולוציה"
                    },
                    "jOVDhgfw9Y": {
                        "value": "046559",
                        "label": "חקר התודעה והקוגניציה"
                    },
                    "KmIZQyaSHs": {
                        "value": "67778",
                        "label": "ביולוגיה ופסיכולוגיה עם הדגש במדעי המוח וחטיבה בבינה מלאכותית"
                    }
                }
            },
            "1500": {
                "value": "1500",
                "label": "מדעי המוח",
                "childs": {
                    "38": {
                        "value": "21513",
                        "label": "פסיכולוגיה ומדעי המחשב בדגש מדעי המוח"
                    },
                    "39": {
                        "value": "21514",
                        "label": "פסיכולוגיה וביולוגיה בדגש מדעי המוח"
                    },
                    "42": {
                        "value": "21554",
                        "label": "הנדסה ביו רפואית וביולוגיה בדגש מדעי המוח - תואר כפול"
                    },
                    "43": {
                        "value": "21564",
                        "label": "ביולוגיה ובלשנות בדגש מדעי המוח"
                    },
                    "45": {
                        "value": "47112",
                        "label": "פיזיקה עם חטיבה במדעי המוח"
                    },
                    "46": {
                        "value": "67778",
                        "label": "ביולוגיה ופסיכולוגיה עם הדגש במדעי המוח וחטיבה בבינה מלאכותית"
                    }
                }
            },
            "500": {
                "value": "500",
                "label": "הנדסה",
                "childs": {
                    "47": {
                        "value": "47222",
                        "label": "הנדסת חשמל ופיזיקה"
                    },
                    "48": {
                        "value": "20512",
                        "label": "הנדסת חשמל"
                    },
                    "Abxi6VBMXx": {
                        "value": "47226",
                        "label": "הנדסת מחשבים"
                    },
                    "49": {
                        "value": "20542",
                        "label": "הנדסה מכנית"
                    },
                    "50": {
                        "value": "20942",
                        "label": "תואר כפול בהנדסה מכנית ומדעי כדור הארץ עם הדגש על לימודי הסביבה"
                    },
                    "51": {
                        "value": "20555",
                        "label": "הנדסה ביו-רפואית"
                    },
                    "MBkTNozmWR": {
                        "value": "21554",
                        "label": "הנדסה ביו רפואית וביולוגיה בדגש מדעי המוח - תואר כפול"
                    },
                    "FUtG7Du8Qb": {
                        "value": "215640",
                        "label": "ביולוגיה ובלשנות בדגש מדעי המוח"
                    },
                    "52": {
                        "value": "20560",
                        "label": "מדעים דיגיטליים להיי-טק"
                    },
                    "53": {
                        "value": "20573",
                        "label": "הנדסת תעשייה"
                    },
                    "54": {
                        "value": "20581",
                        "label": "מדע והנדסה של חומרים"
                    },
                    "55": {
                        "value": "46957",
                        "label": "תואר כפול במדע והנדסה של חומרים ובכימיה"
                    }
                }
            },
            "600": {
                "value": "600",
                "label": "מדעי הרוח",
                "childs": {
                    "56": {
                        "value": "20608",
                        "label": "לימודי נשים ומגדר"
                    },
                    "57": {
                        "value": "20612",
                        "label": "מקרא"
                    },
                    "58": {
                        "value": "20614",
                        "label": "לשון עברית"
                    },
                    "59": {
                        "value": "20616",
                        "label": "פילוסופיה יהודית"
                    },
                    "60": {
                        "value": "20618",
                        "label": "פילוסופיה"
                    },
                    "Q0GG8FrmGV": {
                        "value": "20621",
                        "label": "היסטוריה כללית"
                    },
                    "a8pEIwpgNv": {
                        "value": "20622",
                        "label": "היסטוריה של המזרח התיכון ואפריקה"
                    },
                    "WEsDbYqFON": {
                        "value": "20626",
                        "label": "ספרות אנגלית ולימודים אמריקניים"
                    },
                    "6q0MWbBD5O": {
                        "value": "20627",
                        "label": "בלשנות"
                    },
                    "DRYo5juj8C": {
                        "value": "20624",
                        "label": "בלשנות שמית"
                    },
                    "66": {
                        "value": "20631",
                        "label": "ערבית ואסלאם"
                    },
                    "67": {
                        "value": "20651",
                        "label": "פכ\"מ"
                    },
                    "68": {
                        "value": "20662",
                        "label": "התוכנית הרב-תחומית"
                    },
                    "69": {
                        "value": "20668",
                        "label": "תרבות צרפת"
                    },
                    "70": {
                        "value": "20671",
                        "label": "ארכיאולוגיה ותרבויות המזרח הקדום"
                    },
                    "71": {
                        "value": "20672",
                        "label": "לימודים קלאסיים"
                    },
                    "72": {
                        "value": "20677",
                        "label": "היסטוריה של עם ישראל"
                    },
                    "73": {
                        "value": "20680",
                        "label": "ספרות"
                    },
                    "74": {
                        "value": "20683",
                        "label": "תלמוד"
                    },
                    "77": {
                        "value": "21687",
                        "label": "מזרח אסיה"
                    },
                    "78": {
                        "value": "46170",
                        "label": "בלשנות חישובית"
                    },
                    "79": {
                        "value": "46559",
                        "label": "חקר התודעה והקוגניציה"
                    },
                    "zI4vRiCKIi": {
                        "value": "21564",
                        "label": "ביולוגיה ובלשנות בדגש מדעי המוח"
                    }
                }
            },
            "700": {
                "value": "700",
                "label": "חינוך",
                "childs": {
                    "80": {
                        "value": "20723",
                        "label": "חינוך"
                    }
                }
            },
            "800": {
                "value": "800",
                "label": "אמנויות",
                "childs": {
                    "81": {
                        "value": "10840",
                        "label": "מוזיקה"
                    },
                    "82": {
                        "value": "10851",
                        "label": "קולנוע וטלוויזיה"
                    },
                    "83": {
                        "value": "47135",
                        "label": "לימודי עיצוב במה, קולנוע וטלוויזיה למצטיינים"
                    },
                    "84": {
                        "value": "47379",
                        "label": "קולנוע וטלוויזיה מסלול מדיה דיגיטלית תואר ראשון ושני"
                    },
                    "85": {
                        "value": "10881",
                        "label": "אדריכלות"
                    },
                    "86": {
                        "value": "20811",
                        "label": "אמנות התיאטרון"
                    },
                    "87": {
                        "value": "20821",
                        "label": "תולדות האמנות"
                    },
                    "88": {
                        "value": "20861",
                        "label": "התוכנית הרב-תחומית באמנויות"
                    },
                    "89": {
                        "value": "47126",
                        "label": "מצטיינים במשחק במסגרת תואר ראשון ותואר שני באמנות התאטרון"
                    }
                }
            },
            "1000": {
                "value": "1000",
                "label": "מדעי החברה",
                "childs": {
                    "90": {
                        "value": "11011",
                        "label": "כלכלה"
                    },
                    "91": {
                        "value": "11071",
                        "label": "פסיכולוגיה"
                    },
                    "92": {
                        "value": "21031",
                        "label": "מדע המדינה"
                    },
                    "93": {
                        "value": "21041",
                        "label": "סוציולוגיה ואנתרופולוגיה"
                    },
                    "94": {
                        "value": "21051",
                        "label": "לימודי עבודה"
                    },
                    "95": {
                        "value": "21085",
                        "label": "תקשורת"
                    },
                    "96": {
                        "value": "46549",
                        "label": "מנהיגות ומשאבי אנוש"
                    },
                    "97": {
                        "value": "46894",
                        "label": "חקר חברה דיגיטלית-מסלול דו-חוגי במסגרת החוגים סוציולוגיה אנתרופולוגיה ותקשורת"
                    },
                    "98": {
                        "value": "67780",
                        "label": "פסיכולוגיה עם חטיבה בבינה מלאכותית ובמדעי הנתונים"
                    },
                    "mRx9qw0KlI": {
                        "value": "21513",
                        "label": "פסיכולוגיה ומדעי המחשב בדגש על מדעי המוח"
                    },
                    "utAVkQURSj": {
                        "value": "67778",
                        "label": "ביולוגיה ופסיכולוגיה עם הדגש במדעי המוח בחטיבה"
                    },
                    "99": {
                        "value": "67781",
                        "label": "כלכלה עם חטיבה בבינה מלאכותית ובמדעי הנתונים"
                    },
                    "2ptb14W76Y": {
                        "value": "11011",
                        "label": "כלכלה ולימודי עבודה עם חטיבה בבינה מלאכותית ובמדעי הנתונים"
                    },
                    "RfMbyTi3sZ": {
                        "value": "46816",
                        "label": "כלכלה - מסלול מצטיינים לתואר ראשון ושני"
                    },
                    "3otTixixwS": {
                        "value": "21071",
                        "label": "פסיכולוגיה וכלכלה עם חטיבה בבינה מלאכותית ובמדעי הנתונים"
                    },
                    "f5QqKE6hb8": {
                        "value": "46559",
                        "label": "חקר התודעה והקוגניציה"
                    },
                    "873vg0H30C": {
                        "value": "20651",
                        "label": "פכ״מ"
                    },
                    "VtPF8rzP52": {
                        "value": "21031",
                        "label": "מדע המדינה עם חטיבה בבינה מלאכותית ובמדעי הנתונים"
                    },
                    "DPRhmSHN8B": {
                        "value": "21031",
                        "label": "מסלול מצטיינים לתואר ראשון ושני במדע המדינה"
                    },
                    "100": {
                        "value": "67779",
                        "label": "פסיכולוגיה וביולוגיה עם הדגש במדעי המוח וחטיבה בבינה מלאכותית"
                    }
                }
            },
            "1100": {
                "value": "1100",
                "label": "עבודה סוציאלית",
                "childs": {
                    "101": {
                        "value": "11110",
                        "label": "עבודה סוציאלית"
                    }
                }
            },
            "1200": {
                "value": "1200",
                "label": "ניהול",
                "childs": {
                    "102": {
                        "value": "21211",
                        "label": "חשבונאות"
                    },
                    "103": {
                        "value": "21221",
                        "label": "ניהול"
                    }
                }
            },
            "1400": {
                "value": "1400",
                "label": "משפטים",
                "childs": {
                    "104": {
                        "value": "21411",
                        "label": "משפטים"
                    },
                    "gf6wvmNeJj": {
                        "value": "21211",
                        "label": "לימודי חשבונאות בצירוף למשפטים"
                    },
                    "105": {
                        "value": "67786",
                        "label": "תוכנית לימודים חד-חוגית במשפטים עם חטיבה בבינה מלאכותית"
                    }
                }
            }
        }
    },
    "2": {
        "value": "2",
        "label": "תואר שני",
        "childs": {
            "100": {
                "value": "100",
                "label": "רפואה ומקצועות הבריאות",
                "childs": {
                    "106": {
                        "value": "20102",
                        "label": "רפואה לבעלי תואר ראשון"
                    },
                    "107": {
                        "value": "20146",
                        "label": "בריאות הציבור"
                    },
                    "x7CwPwyvk3": {
                        "value": "20103",
                        "label": "מדעי הרפואה"
                    },
                    "idMIkry74U": {
                        "value": "20159",
                        "label": "בריאות תעסוקתית"
                    },
                    "109": {
                        "value": "20161",
                        "label": "הפרעות בתקשורת"
                    },
                    "110": {
                        "value": "20163",
                        "label": "מדעי האחיוּת (סיעוד)"
                    },
                    "111": {
                        "value": "20164",
                        "label": "פיזיותרפיה"
                    },
                    "112": {
                        "value": "20165",
                        "label": "ריפוי בעיסוק"
                    },
                    "113": {
                        "value": "47238",
                        "label": "ניהול מצבי חירום ואסון"
                    },
                    "114": {
                        "value": "10191",
                        "label": "מדעי רפואת השיניים"
                    },
                    "115": {
                        "value": "20148",
                        "label": "פיזיולוגיה של המאמץ"
                    }
                }
            },
            "300": {
                "value": "300",
                "label": "מדעים מדויקים",
                "childs": {
                    "116": {
                        "value": "10320",
                        "label": "פיזיקה"
                    },
                    "117": {
                        "value": "20341",
                        "label": "גיאופיזיקה"
                    },
                    "118": {
                        "value": "20910",
                        "label": "לימודי הסביבה"
                    },
                    "1608HiL5cw": {
                        "value": "20942",
                        "label": "לימודי הסביבה עם תזה"
                    },
                    "119": {
                        "value": "20344",
                        "label": "לימודי הסביבה– תוכנית בינלאומית"
                    },
                    "120": {
                        "value": "20349",
                        "label": "גאוגרפיה וסביבת האדם"
                    },
                    "121": {
                        "value": "20351",
                        "label": "כימיה"
                    },
                    "122": {
                        "value": "20365",
                        "label": "אופטימיזציה וחקר ביצועים"
                    },
                    "123": {
                        "value": "20366",
                        "label": "מתמטיקה שימושית"
                    },
                    "hxmbjgpTNy": {
                        "value": "20366",
                        "label": "מתמטיקה עיונית"
                    },
                    "124": {
                        "value": "20368",
                        "label": "מדעי המחשב"
                    },
                    "125": {
                        "value": "45825",
                        "label": "ביואינפורמטיקה"
                    },
                    "126": {
                        "value": "20365",
                        "label": "סטטיסטיקה"
                    }
                }
            },
            "400": {
                "value": "400",
                "label": "מדעי החיים",
                "childs": {
                    "127": {
                        "value": "10420",
                        "label": "ביוכימיה"
                    },
                    "128": {
                        "value": "20431",
                        "label": "זואולוגיה"
                    },
                    "129": {
                        "value": "20411",
                        "label": "מדעי הצמח"
                    },
                    "130": {
                        "value": "20452",
                        "label": "ביולוגיה של התא ואימונולוגיה"
                    },
                    "131": {
                        "value": "20453",
                        "label": "ביוטכנולוגיה"
                    },
                    "133": {
                        "value": "20491",
                        "label": "נוירוביולוגיה"
                    },
                    "134": {
                        "value": "46731",
                        "label": "ביולוגיה תיאורטית ומתמטית"
                    },
                    "135": {
                        "value": "46732",
                        "label": "אקולוגיה ואיכות הסביבה"
                    },
                    "136": {
                        "value": "20114",
                        "label": "גנטיקה"
                    },
                    "137": {
                        "value": "45825",
                        "label": "ביואינפורמטיקה"
                    },
                    "138": {
                        "value": "20455",
                        "label": "מדעי החיים"
                    }
                }
            },
            "1500": {
                "value": "1500",
                "label": "מדעי המוח",
                "childs": {
                    "140": {
                        "value": "21501",
                        "label": "מדעי המוח"
                    },
                    "btBxy5VLWt": {
                        "value": "11501",
                        "label": "תואר דוקטור במדעי המוח"
                    },
                    "141": {
                        "value": "47664",
                        "label": "מאסטר-טראק במדעי המוח - מיפוי המוח"
                    },
                    "142": {
                        "value": "47665",
                        "label": "מאסטר-טראק במדעי המוח – חישוביות עצבית"
                    }
                }
            },
            "500": {
                "value": "500",
                "label": "הנדסה",
                "childs": {
                    "143": {
                        "value": "10510",
                        "label": "הנדסת חשמל"
                    },
                    "144": {
                        "value": "20540",
                        "label": "הנדסה מכנית"
                    },
                    "145": {
                        "value": "20545",
                        "label": "הנדסת סביבה"
                    },
                    "146": {
                        "value": "20546",
                        "label": "הנדסת מערכות"
                    },
                    "147": {
                        "value": "20553",
                        "label": "הנדסה ביו-רפואית"
                    },
                    "148": {
                        "value": "20571",
                        "label": "הנדסת תעשייה"
                    },
                    "149": {
                        "value": "20581",
                        "label": "מדע והנדסה של חומרים"
                    },
                    "150": {
                        "value": "47412",
                        "label": "מאסטר-טראק בהנדסה - AI אינטליגנציה מלאכותית"
                    },
                    "151": {
                        "value": "47416",
                        "label": "מאסטר-טראק בהנדסה - עיבוד אותות ותמונות"
                    },
                    "152": {
                        "value": "47432",
                        "label": "מאסטר-טראק במדעי הנתונים"
                    }
                }
            },
            "600": {
                "value": "600",
                "label": "מדעי הרוח",
                "childs": {
                    "155": {
                        "value": "20607",
                        "label": "לימודי מגדר"
                    },
                    "156": {
                        "value": "20612",
                        "label": "מקרא"
                    },
                    "157": {
                        "value": "20614",
                        "label": "לשון עברית"
                    },
                    "158": {
                        "value": "20616",
                        "label": "פילוסופיה יהודית"
                    },
                    "159": {
                        "value": "20618",
                        "label": "פילוסופיה"
                    },
                    "160": {
                        "value": "20621",
                        "label": "היסטוריה כללית"
                    },
                    "161": {
                        "value": "20624",
                        "label": "בלשנות שמית"
                    },
                    "162": {
                        "value": "20626",
                        "label": "לימודי אנגלית"
                    },
                    "163": {
                        "value": "20631",
                        "label": "ערבית ואסלאם"
                    },
                    "165": {
                        "value": "20668",
                        "label": "תרבות צרפת"
                    },
                    "166": {
                        "value": "20669",
                        "label": "מחקר התרבות"
                    },
                    "167": {
                        "value": "20671",
                        "label": "ארכיאולוגיה ותרבויות המזרח הקדום"
                    },
                    "168": {
                        "value": "20672",
                        "label": "לימודים קלאסיים - יוון ורומא"
                    },
                    "169": {
                        "value": "20677",
                        "label": "היסטוריה של עם ישראל"
                    },
                    "170": {
                        "value": "20680",
                        "label": "ספרות"
                    },
                    "171": {
                        "value": "20683",
                        "label": "תלמוד"
                    },
                    "172": {
                        "value": "20687",
                        "label": "מזרח אסיה"
                    },
                    "5U3exFwNxF": {
                        "value": "47758",
                        "label": "מאסטר-טראק בלימודי אסיה"
                    },
                    "ev8tpo6vQN": {
                        "value": "47758",
                        "label": "מאסטר-טראק בלימודי אסיה המודרנית והעכשווית"
                    },
                    "173": {
                        "value": "20688",
                        "label": "לימודים קוגניטיביים של השפה ושימושיה"
                    },
                    "175": {
                        "value": "20697",
                        "label": "מדעי הדתות"
                    },
                    "176": {
                        "value": "20699",
                        "label": "עריכה לשונית"
                    },
                    "177": {
                        "value": "21622",
                        "label": "היסטוריה של המזרח התיכון ואפריקה"
                    },
                    "178": {
                        "value": "46649",
                        "label": "ההיסטוריה של המזה\"ת ואפריקה (בן-זמננו)- בשנה אחת"
                    },
                    "179": {
                        "value": "21659",
                        "label": "היסטוריה ופילוסופיה של המדעים והרעיונות"
                    },
                    "180": {
                        "value": "21672",
                        "label": "לימודי ישראל הקדום"
                    },
                    "181": {
                        "value": "46646",
                        "label": "ספרות יידיש"
                    }
                }
            },
            "700": {
                "value": "700",
                "label": "חינוך",
                "childs": {
                    "182": {
                        "value": "20712",
                        "label": "ייעוץ חינוכי"
                    },
                    "183": {
                        "value": "20716",
                        "label": "מינהל ומנהיגות בחינוך"
                    },
                    "184": {
                        "value": "20776",
                        "label": "מינהל ומנהיגות בחינוך - בשנה אחת"
                    },
                    "185": {
                        "value": "20719",
                        "label": "לקויות למידה"
                    },
                    "186": {
                        "value": "20725",
                        "label": "מדיניות החינוך"
                    },
                    "187": {
                        "value": "20741",
                        "label": "חינוך רב לשוני"
                    },
                    "188": {
                        "value": "20757",
                        "label": "הוראת המדעים- התמחות טכנולוגיה ולמידה"
                    },
                    "189": {
                        "value": "47083",
                        "label": "הוראת מדעים"
                    },
                    "190": {
                        "value": "20759",
                        "label": "הוראת השפות"
                    }
                }
            },
            "800": {
                "value": "800",
                "label": "אמנויות",
                "childs": {
                    "191": {
                        "value": "10840",
                        "label": "מוזיקה"
                    },
                    "192": {
                        "value": "10851",
                        "label": "קולנוע וטלוויזיה"
                    },
                    "193": {
                        "value": "46919",
                        "label": "קולנוע וטלוויזיה - מעשי"
                    },
                    "194": {
                        "value": "47008",
                        "label": "קולנוע וטלוויזיה מסלול קולנוע דוקומנטרי"
                    },
                    "195": {
                        "value": "20851",
                        "label": "קולנוע וטלוויזיה מסלול מדיה דיגיטלית"
                    },
                    "196": {
                        "value": "10881",
                        "label": "אדריכלות"
                    },
                    "197": {
                        "value": "20810",
                        "label": "התוכנית הבינתחומית באמנויות"
                    },
                    "198": {
                        "value": "20811",
                        "label": "אמנות התיאטרון"
                    },
                    "199": {
                        "value": "20821",
                        "label": "תולדות האמנות"
                    },
                    "201": {
                        "value": "47122",
                        "label": "הבעה ויצירה באמנות"
                    }
                }
            },
            "1000": {
                "value": "1000",
                "label": "מדעי החברה",
                "childs": {
                    "202": {
                        "value": "11011",
                        "label": "כלכלה"
                    },
                    "203": {
                        "value": "21020",
                        "label": "לימודי פוליטיקה, סייבר וממשל"
                    },
                    "204": {
                        "value": "21031",
                        "label": "מדע המדינה"
                    },
                    "205": {
                        "value": "21033",
                        "label": "דיפלומטיה ולימודי ביטחון"
                    },
                    "206": {
                        "value": "21036",
                        "label": "לימודי הגירה Migration Studies"
                    },
                    "207": {
                        "value": "21041",
                        "label": "סוציולוגיה ואנתרופולוגיה"
                    },
                    "208": {
                        "value": "21045",
                        "label": "לימודי דיפלומטיה"
                    },
                    "209": {
                        "value": "21062",
                        "label": "לימודי ביטחון"
                    },
                    "211": {
                        "value": "21046",
                        "label": "ניהול סכסוכים וגישור"
                    },
                    "LjMwwoaghu": {
                        "value": "41022",
                        "label": "תואר שני (M.A) בהיבטי חברה ומדיניות של שינוי אקלים"
                    },
                    "213": {
                        "value": "21055",
                        "label": "לימודי עבודה - בשנה אחת"
                    },
                    "214": {
                        "value": "21066",
                        "label": "מדיניות ציבורית - בשנה אחת"
                    },
                    "215": {
                        "value": "21071",
                        "label": "פסיכולוגיה"
                    },
                    "216": {
                        "value": "21082",
                        "label": "מדיניות ציבורית"
                    },
                    "217": {
                        "value": "21085",
                        "label": "תקשורת"
                    },
                    "218": {
                        "value": "21092",
                        "label": "פיתוח בר-קיימה Sustainable Development"
                    }
                }
            },
            "1100": {
                "value": "1100",
                "label": "עבודה סוציאלית",
                "childs": {
                    "219": {
                        "value": "11110",
                        "label": "עבודה סוציאלית"
                    },
                    "220": {
                        "value": "11110",
                        "label": "תוכנית ההשלמה לתואר שני בעבודה סוציאלית"
                    }
                }
            },
            "1200": {
                "value": "1200",
                "label": "ניהול",
                "childs": {
                    "221": {
                        "value": "21231",
                        "label": "מנהל עסקים MBA"
                    },
                    "222": {
                        "value": "21237",
                        "label": "Executive MBA של רקאנטי"
                    },
                    "223": {
                        "value": "21231",
                        "label": "תואר שני (M.Sc) במדעי הניהול"
                    }
                }
            },
            "1400": {
                "value": "1400",
                "label": "משפטים",
                "childs": {
                    "224": {
                        "value": "21493",
                        "label": "משפטים מסלול מחקרי"
                    },
                    "225": {
                        "value": "21493",
                        "label": "משפטים מסלול עיוני"
                    },
                    "226": {
                        "value": "21491",
                        "label": "משפטים עם התמחות במשפט מסחרי בשיתוף אוניברסיטת ברקלי"
                    },
                    "227": {
                        "value": "21492",
                        "label": "משפטים עם התמחות במשפט ציבורי בשיתוף אוניברסיטת נורת'ווסטרן"
                    }
                }
            }
        }
    },
    "7": {
        "value": "7",
        "label": "תעודת הוראה",
        "childs": {
            "700": {
                "value": "700",
                "label": "חינוך",
                "childs": {
                    "228": {
                        "value": "20757",
                        "label": "מגמה להוראת המדעים"
                    },
                    "229": {
                        "value": "20769",
                        "label": "לימודי תעודות הוראה"
                    },
                    "230": {
                        "value": "43766",
                        "label": "הוראת ספרות"
                    },
                    "231": {
                        "value": "44070",
                        "label": "הוראת היסטוריה"
                    },
                    "232": {
                        "value": "44075",
                        "label": "הוראת אנגלית"
                    },
                    "233": {
                        "value": "44076",
                        "label": "הוראת לשון עברית"
                    },
                    "234": {
                        "value": "44077",
                        "label": "הוראת ערבית"
                    },
                    "235": {
                        "value": "44078",
                        "label": "הוראת תאטרון"
                    },
                    "236": {
                        "value": "44079",
                        "label": "חינוך מיוחד"
                    },
                    "237": {
                        "value": "45907",
                        "label": "הוראת מדעי החיים"
                    },
                    "238": {
                        "value": "45908",
                        "label": "הוראת מתמטיקה"
                    },
                    "239": {
                        "value": "45909",
                        "label": "הוראת פיזיקה"
                    },
                    "240": {
                        "value": "45910",
                        "label": "הוראת מדעי המחשב"
                    }
                }
            }
        }
    }
}