﻿<?xml version="1.0" encoding="UTF-8"?>
<configuration date="2018/10/18" author="e.World Technology Ltd.">
  <project id="{F9326A38-3552-47D5-B291-9AC4B94B5D18}" file="C:\Users\AspireVX\Desktop\php\esbc-20181017V2.pmp" name="esbc_20181010" product="PHPMaker" version="15.0" datetime="2018/10/18 00:54:01" languagefolder="phplang" userlevel="-2,&quot;Anonymous&quot;,0;0,&quot;Default&quot;,0">
    <table id="basic_acc" name="basic_acc" caption="basic acc" userlevel="-2,&quot;Anonymous&quot;,0;0,&quot;Default&quot;,0" priv="1" />
    <table id="basic_acctype" name="basic_acctype" caption="basic acctype" userlevel="-2,&quot;Anonymous&quot;,0;0,&quot;Default&quot;,0" priv="1" />
    <table id="basic_chain" name="basic_chain" caption="basic chain" userlevel="-2,&quot;Anonymous&quot;,0;0,&quot;Default&quot;,0" priv="1" />
    <table id="basic_server" name="basic_server" caption="basic server" userlevel="-2,&quot;Anonymous&quot;,0;0,&quot;Default&quot;,0" priv="1" />
    <table id="basic_token" name="basic_token" caption="basic token" userlevel="-2,&quot;Anonymous&quot;,0;0,&quot;Default&quot;,0" priv="1" />
    <table id="basic_user" name="basic_user" caption="basic user" userlevel="-2,&quot;Anonymous&quot;,0;0,&quot;Default&quot;,0" priv="1" />
    <table id="esbc_host_basic" name="esbc_host_basic" caption="esbc ini" userlevel="-2,&quot;Anonymous&quot;,0;0,&quot;Default&quot;,0" priv="1" />
    <table id="esbc_location" name="esbc_location" caption="esbc location" userlevel="-2,&quot;Anonymous&quot;,0;0,&quot;Default&quot;,0" priv="1" />
    <table id="esbc_log" name="esbc_log" caption="esbc log" userlevel="-2,&quot;Anonymous&quot;,0;0,&quot;Default&quot;,0" priv="1" />
    <table id="esbc_template" name="esbc_template" caption="esbc template" userlevel="-2,&quot;Anonymous&quot;,0;0,&quot;Default&quot;,0" priv="1" />
    <table id="esbc_user" name="esbc_user" caption="esbc user" userlevel="-2,&quot;Anonymous&quot;,0;0,&quot;Default&quot;,0" priv="1" />
    <table id="log_block" name="log_block" caption="log block" userlevel="-2,&quot;Anonymous&quot;,0;0,&quot;Default&quot;,0" priv="1" />
    <table id="log_tx" name="log_tx" caption="log tx" userlevel="-2,&quot;Anonymous&quot;,0;0,&quot;Default&quot;,0" priv="1" />
    <table id="log_uncle" name="log_uncle" caption="log uncle" userlevel="-2,&quot;Anonymous&quot;,0;0,&quot;Default&quot;,0" priv="1" />
    <table id="esbc_node_basic" name="esbc_node_basic" caption="node basic" userlevel="-2,&quot;Anonymous&quot;,0;0,&quot;Default&quot;,0" priv="1" />
    <table id="userlevels" name="userlevels" caption="userlevels" userlevel="-2,&quot;Anonymous&quot;,0;0,&quot;Default&quot;,0" priv="1" />
    <table id="esbc_contract" name="esbc_contract" caption="esbc contract" userlevel="-2,&quot;Anonymous&quot;,0;0,&quot;Default&quot;,0" priv="1" />
    <table id="geth_cmd" name="geth_cmd" caption="geth cmd" userlevel="-2,&quot;Anonymous&quot;,0;0,&quot;Default&quot;,0" priv="1" />
    <table id="esbc_host" name="esbc_host" caption="esbc host" userlevel="-2,&quot;Anonymous&quot;,0;0,&quot;Default&quot;,0" priv="1" />
    <table id="esbc_geth_par" name="esbc_geth_par" caption="esbc geth par" userlevel="-2,&quot;Anonymous&quot;,0;0,&quot;Default&quot;,0" priv="1" />
    <table id="esbc_hub_basic" name="esbc_hub_basic" caption="esbc hub basic" userlevel="-2,&quot;Anonymous&quot;,0;0,&quot;Default&quot;,0" priv="1" />
    <table id="esbc_genesis" name="esbc_genesis" caption="esbc genesis" userlevel="-2,&quot;Anonymous&quot;,0;0,&quot;Default&quot;,0" priv="1" />
  </project>
</configuration>