﻿<?xml version="1.0" encoding="UTF-8"?>
<configuration date="2018/10/20" author="e.World Technology Ltd.">
  <project id="{4BB202BF-2791-4E35-A692-FD5F3B358208}" file="C:\Users\AspireVX\Desktop\php\bechain-20181019.pmp" name="bechain_20181019" product="PHPMaker" version="15.0" datetime="2018/10/20 12:17:23" languagefolder="phplang" userlevel="-2,&quot;Anonymous&quot;,0;0,&quot;Default&quot;,0">
    <table id="basic_host" name="basic_host" caption="basic host" userlevel="-2,&quot;Anonymous&quot;,0;0,&quot;Default&quot;,0" priv="1" />
    <table id="basic_user" name="basic_user" caption="basic user" userlevel="-2,&quot;Anonymous&quot;,0;0,&quot;Default&quot;,111" priv="1" />
    <table id="log_block" name="log_block" caption="log block" userlevel="-2,&quot;Anonymous&quot;,0;0,&quot;Default&quot;,104" priv="1" />
    <table id="log_contract" name="log_contract" caption="log contract" userlevel="-2,&quot;Anonymous&quot;,0;0,&quot;Default&quot;,104" priv="1" />
    <table id="log_tx" name="log_tx" caption="log tx" userlevel="-2,&quot;Anonymous&quot;,0;0,&quot;Default&quot;,104" priv="1" />
    <table id="userlevelpermissions" name="userlevelpermissions" caption="userlevelpermissions" userlevel="-2,&quot;Anonymous&quot;,0;0,&quot;Default&quot;,0" priv="1" />
    <table id="userlevels" name="userlevels" caption="userlevels" userlevel="-2,&quot;Anonymous&quot;,0;0,&quot;Default&quot;,0" priv="1" />
    <table id="basic_acc" name="basic_acc" caption="basic acc" userlevel="-2,&quot;Anonymous&quot;,0;0,&quot;Default&quot;,104" priv="1" />
  </project>
</configuration>