﻿<?xml version="1.0" encoding="UTF-8"?>
<configuration date="2018/10/06" author="e.World Technology Ltd.">
  <project id="{C326C045-2B3F-45D6-8A88-D9508EC3B41B}" file="C:\Users\ERICWANG\Documents\PHPMaker\Projects\ESBC20181006.pmp" name="ESBC20181006" product="PHPMaker" version="15.0" datetime="2018/10/06 11:57:38" languagefolder="phplang" userlevel="-2,&quot;Anonymous&quot;,0;">
    <table id="esbc_ini" name="esbc_ini" caption="ESBC創鏈設定資料" userlevel="-2,&quot;Anonymous&quot;,0;" priv="1" />
    <table id="node_basic" name="node_basic" caption="ESBC節點基本資料" userlevel="-2,&quot;Anonymous&quot;,0;" priv="1" />
    <table id="esbc_log" name="esbc_log" caption="ESBC操作紀錄" userlevel="-2,&quot;Anonymous&quot;,0;" priv="1" />
    <table id="esbc_user" name="esbc_user" caption="ESBC使用者管理" userlevel="-2,&quot;Anonymous&quot;,0;" priv="1" />
    <table id="esbc_template" name="esbc_template" caption="ESBC模板管理" userlevel="-2,&quot;Anonymous&quot;,0;" priv="1" />
    <table id="esbc_location" name="esbc_location" caption="ESBC服務器地點" userlevel="-2,&quot;Anonymous&quot;,0;" priv="1" />
  </project>
</configuration>